# Bookmark Files
# These files are automatically updated when edited/saved in vim.

## description
# keys        filename

## General Bookmarks
bf        ${XDG_CONFIG_HOME:-$HOME/.config}/shell/bm-files
bd        ${XDG_CONFIG_HOME:-$HOME/.config}/shell/bm-dirs
cfx       ${XDG_CONFIG_HOME:-$HOME/.config}/x11/xresources
cfp       ${XDG_CONFIG_HOME:-$HOME/.config}/shell/profile
cfz       ${XDG_CONFIG_HOME:-$HOME/.config}/zsh/.zshrc
cfb       $HOME/.local/src/dwmblocks/config.h
vbf       $HOME/voidrice/.config/shell/bm-files
vbd       $HOME/voidrice/.config/shell/bm-dirs
vba       $HOME/voidrice/.config/shell/aliasrc
vbp       $HOME/voidrice/.config/shell/profile
vbz       $HOME/voidrice/.config/zsh/.zshrc
sql       /var/www/backend/database/schema.sql
sjs       /var/www/backend/server.js

## Dominguez Tech Solutions
but       $HOME/DominguezTS/public/assets/css/buttons.css
sec       $HOME/DominguezTS/public/assets/css/sections.css
for       $HOME/DominguezTS/public/assets/css/forms.css
com       $HOME/DominguezTS/public/assets/css/components.css
med		  $HOME/DominguezTS/public/assets/css/media.css



## Roofing Company
rbut       $HOME/roofing-company/public/assets/css/buttons.css
rsec       $HOME/roofing-company/public/assets/css/sections.css
rfor       $HOME/roofing-company/public/assets/css/forms.css
rcom       $HOME/roofing-company/public/assets/css/components.css
rmed	   $HOME/roofing-company/public/assets/css/media.css


## OK DEVS
but       $HOME/okdevs/public/assets/css/buttons.css
osec      $HOME/okdevs/public/assets/css/sections.css
ofor	  $HOME/okdevs/public/assets/css/forms.css
ocom	  $HOME/okdevs/public/assets/css/components.css
omed	  $HOME/okdevs/public/assets/css/media.css



in        $HOME/DominguezTS/public/pages/home/index.html
ins       $HOME/DominguezTS/public/pages/home/index_es.html
ab        $HOME/DominguezTS/public/pages/about/about.html
abs       $HOME/DominguezTS/public/pages/about/about_es.html
abb       $HOME/DominguezTS/public/pages/about/about2.html
abbs      $HOME/DominguezTS/public/pages/about/about2_es.html
sr        $HOME/DominguezTS/public/pages/services/services.html
srs       $HOME/DominguezTS/public/pages/services/services_es.html
rg        $HOME/DominguezTS/public/pages/authentication/register.html
rgs       $HOME/DominguezTS/public/pages/authentication/register_es.html
au        $HOME/DominguezTS/public/pages/authentication/login.html
aus       $HOME/DominguezTS/public/pages/authentication/login_es.html
pr        $HOME/DominguezTS/public/pages/prices/pricing.html
prs       $HOME/DominguezTS/public/pages/prices/pricing_es.html
cn        $HOME/DominguezTS/public/pages/contact/contact.html
cns       $HOME/DominguezTS/public/pages/contact/contact_es.html
fp        $HOME/DominguezTS/public/pages/authentication/forget-password.html
fps       $HOME/DominguezTS/public/pages/authentication/forget-password_es.html
da        $HOME/DominguezTS/public/pages/dashboard/dashboard.html
das       $HOME/DominguezTS/public/pages/dashboard/dashboard_es.html
gal       $HOME/DominguezTS/public/pages/gallery/gallery.html
gals      $HOME/DominguezTS/public/pages/gallery/gallery_es.html
ap        $HOME/DominguezTS/public/pages/appointments/appointments.html
aps       $HOME/DominguezTS/public/pages/appointments/appointments_es.html
vap       $HOME/DominguezTS/public/pages/appointments/view-appointments.html
vaps      $HOME/DominguezTS/public/pages/appointments/view-appointments_es.html
ac        $HOME/DominguezTS/public/pages/legal/accessibility.html
acs       $HOME/DominguezTS/public/pages/legal/accessibility_es.html
ck        $HOME/DominguezTS/public/pages/legal/cookies.html
cks       $HOME/DominguezTS/public/pages/legal/cookies_es.html
di        $HOME/DominguezTS/public/pages/legal/disclaimer.html
dis       $HOME/DominguezTS/public/pages/legal/disclaimer_es.html
pv        $HOME/DominguezTS/public/pages/legal/privacy.html
pvs       $HOME/DominguezTS/public/pages/legal/privacy_es.html
rf        $HOME/DominguezTS/public/pages/legal/refund.html
rfs       $HOME/DominguezTS/public/pages/legal/refund_es.html
tm        $HOME/DominguezTS/public/pages/legal/terms.html
tms       $HOME/DominguezTS/public/pages/legal/terms_es.html
wt        $HOME/DominguezTS/public/pages/legal/warranty.html
wts       $HOME/DominguezTS/public/pages/legal/warranty_es.html


## OK Devs
oin        $HOME/okdevs/public/pages/home/index.html
oins       $HOME/okdevs/public/pages/home/index_es.html
oab        $HOME/okdevs/public/pages/about/about.html
oabs       $HOME/okdevs/public/pages/about/about_es.html
oabb       $HOME/okdevs/public/pages/about/about2.html
oabbs      $HOME/okdevs/public/pages/about/about2_es.html
ole        $HOME/okdevs/public/pages/letters/letter.html
oles       $HOME/okdevs/public/pages/letters/letter_es.html
oau        $HOME/okdevs/public/pages/authentication/login.html
oaus       $HOME/okdevs/public/pages/authentication/login_es.html
org        $HOME/okdevs/public/pages/authentication/register.html
orgs       $HOME/okdevs/public/pages/authentication/register_es.html
ocn        $HOME/okdevs/public/pages/contact/contact.html
ocns       $HOME/okdevs/public/pages/contact/contact_es.html
oda        $HOME/okdevs/public/pages/dashboard/dashboard.html
odas       $HOME/okdevs/public/pages/dashboard/dashboard_es.html
ogal       $HOME/okdevs/public/pages/gallery/gallery.html
ogals      $HOME/okdevs/public/pages/gallery/gallery_es.html
oap        $HOME/okdevs/public/pages/appointments/appointments.html
oaps       $HOME/okdevs/public/pages/appointments/appointments_es.html
ovap       $HOME/okdevs/public/pages/appointments/view-appointments.html
ovaps      $HOME/okdevs/public/pages/appointments/view-appointments_es.html
oac        $HOME/okdevs/public/pages/legal/accessibility.html
oacs       $HOME/okdevs/public/pages/legal/accessibility_es.html
ock        $HOME/okdevs/public/pages/legal/cookies.html
ocks       $HOME/okdevs/public/pages/legal/cookies_es.html
odi        $HOME/okdevs/public/pages/legal/disclaimer.html
odis       $HOME/okdevs/public/pages/legal/disclaimer_es.html
opv        $HOME/okdevs/public/pages/legal/privacy.html
opvs       $HOME/okdevs/public/pages/legal/privacy_es.html
otm        $HOME/okdevs/public/pages/legal/terms.html
otms       $HOME/okdevs/public/pages/legal/terms_es.html

## Granite Company
gin        $HOME/granite-company/public/pages/home/index.html
gins       $HOME/granite-company/public/pages/home/index_es.html
gab        $HOME/granite-company/public/pages/about/about.html
gabs       $HOME/granite-company/public/pages/about/about_es.html
gsr        $HOME/granite-company/public/pages/services/services.html
gsrs       $HOME/granite-company/public/pages/services/services_es.html
gcn        $HOME/granite-company/public/pages/contact/contact.html
gcns       $HOME/granite-company/public/pages/contact/contact_es.html
ggal       $HOME/granite-company/public/pages/gallery/gallery.html
ggals      $HOME/granite-company/public/pages/gallery/gallery_es.html
gac        $HOME/granite-company/public/pages/legal/accessibility.html
gacs       $HOME/granite-company/public/pages/legal/accessibility_es.html
gck        $HOME/granite-company/public/pages/legal/cookies.html
gcks       $HOME/granite-company/public/pages/legal/cookies_es.html
gdi        $HOME/granite-company/public/pages/legal/disclaimer.html
gdis       $HOME/granite-company/public/pages/legal/disclaimer_es.html
gpv        $HOME/granite-company/public/pages/legal/privacy.html
gpvs       $HOME/granite-company/public/pages/legal/privacy_es.html
gtm        $HOME/granite-company/public/pages/legal/terms.html
gtms       $HOME/granite-company/public/pages/legal/terms_es.html
grf        $HOME/granite-company/public/pages/legal/refund.html
grfs       $HOME/granite-company/public/pages/legal/refund_es.html
gwt        $HOME/granite-company/public/pages/legal/warranty.html
gwts       $HOME/granite-company/public/pages/legal/warranty_es.html

## Roofing Company
rin        $HOME/roofing-company/public/pages/home/index.html
rins       $HOME/roofing-company/public/pages/home/index_es.html
rab        $HOME/roofing-company/public/pages/about/about.html
rabs       $HOME/roofing-company/public/pages/about/about_es.html
rsr        $HOME/roofing-company/public/pages/services/services.html
rsrs       $HOME/roofing-company/public/pages/services/services_es.html
rcn        $HOME/roofing-company/public/pages/contact/contact.html
rcns       $HOME/roofing-company/public/pages/contact/contact_es.html
rap        $HOME/roofing-company/public/pages/appointments/appointments.html
raps       $HOME/roofing-company/public/pages/appointments/appointments_es.html
rau        $HOME/roofing-company/public/pages/authentication/login.html
raus       $HOME/roofing-company/public/pages/authentication/login_es.html
rrg        $HOME/roofing-company/public/pages/authentication/register.html
rrgs       $HOME/roofing-company/public/pages/authentication/register_es.html
rfp        $HOME/roofing-company/public/pages/authentication/forget-password.html
rfps       $HOME/roofing-company/public/pages/authentication/forget-password_es.html
rda        $HOME/roofing-company/public/pages/dashboard/dashboard.html
rdas       $HOME/roofing-company/public/pages/dashboard/dashboard_es.html
rgal       $HOME/roofing-company/public/pages/gallery/gallery.html
rgals      $HOME/roofing-company/public/pages/gallery/gallery_es.html
rac        $HOME/roofing-company/public/pages/legal/accessibility.html
racs       $HOME/roofing-company/public/pages/legal/accessibility_es.html
rck        $HOME/roofing-company/public/pages/legal/cookies.html
rcks       $HOME/roofing-company/public/pages/legal/cookies_es.html
rdi        $HOME/roofing-company/public/pages/legal/disclaimer.html
rdis       $HOME/roofing-company/public/pages/legal/disclaimer_es.html
rpv        $HOME/roofing-company/public/pages/legal/privacy.html
rpvs       $HOME/roofing-company/public/pages/legal/privacy_es.html
rrf        $HOME/roofing-company/public/pages/legal/refund.html
rrfs       $HOME/roofing-company/public/pages/legal/refund_es.html
rtm        $HOME/roofing-company/public/pages/legal/terms.html
rtms       $HOME/roofing-company/public/pages/legal/terms_es.html
rwt        $HOME/roofing-company/public/pages/legal/warranty.html
rwts       $HOME/roofing-company/public/pages/legal/warranty_es.html

## Tire Shop
tin        $HOME/tire-shop/public/pages/home/index.html
tins       $HOME/tire-shop/public/pages/home/index_es.html
tab        $HOME/tire-shop/public/pages/about/about.html
tabs       $HOME/tire-shop/public/pages/about/about_es.html
tsr        $HOME/tire-shop/public/pages/services/services.html
tsrs       $HOME/tire-shop/public/pages/services/services_es.html
tgal       $HOME/tire-shop/public/pages/gallery/gallery.html
tgals      $HOME/tire-shop/public/pages/gallery/gallery_es.html
tcn        $HOME/tire-shop/public/pages/contact/contact.html
tcns       $HOME/tire-shop/public/pages/contact/contact_es.html
trq        $HOME/tire-shop/public/pages/request-quote/request-quote.html
trqs       $HOME/tire-shop/public/pages/request-quote/request-quote_es.html
tau        $HOME/tire-shop/public/pages/authentication/login.html
taus       $HOME/tire-shop/public/pages/authentication/login_es.html
trg        $HOME/tire-shop/public/pages/authentication/register.html
trgs       $HOME/tire-shop/public/pages/authentication/register_es.html
tda        $HOME/tire-shop/public/pages/dashboard/dashboard.html
tdas       $HOME/tire-shop/public/pages/dashboard/dashboard_es.html
tap        $HOME/tire-shop/public/pages/appointments/appointments.html
taps       $HOME/tire-shop/public/pages/appointments/appointments_es.html
tvap       $HOME/tire-shop/public/pages/view-appointments/view-appointments.html
tvaps      $HOME/tire-shop/public/pages/view-appointments/view-appointments_es.html
tac        $HOME/tire-shop/public/pages/legal/accessibility.html
tacs       $HOME/tire-shop/public/pages/legal/accessibility_es.html
tck        $HOME/tire-shop/public/pages/legal/cookies.html
tcks       $HOME/tire-shop/public/pages/legal/cookies_es.html
tdi        $HOME/tire-shop/public/pages/legal/disclaimer.html
tdis       $HOME/tire-shop/public/pages/legal/disclaimer_es.html
tpv        $HOME/tire-shop/public/pages/legal/privacy.html
tpvs       $HOME/tire-shop/public/pages/legal/privacy_es.html
trf        $HOME/tire-shop/public/pages/legal/refund.html
trfs       $HOME/tire-shop/public/pages/legal/refund_es.html
ttm        $HOME/tire-shop/public/pages/legal/terms.html
ttms       $HOME/tire-shop/public/pages/legal/terms_es.html
twt        $HOME/tire-shop/public/pages/legal/warranty.html
twts       $HOME/tire-shop/public/pages/legal/warranty_es.html

## Additional Configurations
cfv       ${XDG_CONFIG_HOME:-$HOME/.config}/nvim/init.vim
cfz       $HOME/.config/zsh/.zshrc
cfa       ${XDG_CONFIG_HOME:-$HOME/.config}/shell/aliasrc
cfp       ${XDG_CONFIG_HOME:-$HOME/.config}/shell/profile
cfm       ${XDG_CONFIG_HOME:-$HOME/.config}/mutt/muttrc
cfn       ${XDG_CONFIG_HOME:-$HOME/.config}/newsboat/config
cfu       ${XDG_CONFIG_HOME:-$HOME/.config}/newsboat/urls
cfmb      ${XDG_CONFIG_HOME:-$HOME/.config}/ncmpcpp/bindings
cfmc      ${XDG_CONFIG_HOME:-$HOME/.config}/ncmpcpp/config
cfl       ${XDG_CONFIG_HOME:-$HOME/.config}/lf/lfrc
cfL       ${XDG_CONFIG_HOME:-$HOME/.config}/lf/scope
cfX       ${XDG_CONFIG_HOME:-$HOME/.config}/nsxiv/exec/key-handler
va        $HOME/voidrice/.config/shell/aliasrc
vp        $HOME/voidrice/.config/shell/profile
zr        $HOME/voidrice/.config/zsh/.zshrc
